{
  "extends": "solhint:recommended",
  "plugins": ["prettier"],
  "rules": {
    "code-complexity": ["off"],
    "compiler-version": ["error", ">= 0.8.0"],
    "const-name-snakecase": "off",
    "constructor-syntax": "error",
    "func-visibility": ["error", { "ignoreConstructors": true }],
    "max-line-length": ["off"],
    "not-rely-on-time": "off",
    "reason-string": ["warn", { "maxLength": 64 }],
    "var-name-mixedcase": "off",
    "no-inline-assembly": "off",
    "no-empty-blocks": "off"
  }
}
